Product URL,Product Name,Product Price,Rating,Number of Reviews,Description,ASIN,Manufacturer
https://www.amazon.in/Wesley-Milestone-Waterproof-Backpack-Business/dp/B084JGJ8PF/ref=ice_ac_b_dpb,Wesley Milestone 2.0 Casual Waterproof Laptop Backpack/Office Bag/School Bag/College Bag/Business Bag/Travel Backpack (Dimensions:13x18 inches) (Compatible with 15.6 inch laptop) 30 L (Blue & black),499,4.3 out of 5 stars,"13,224",N/A,N/A,N/A
https://www.amazon.in/gp/bestsellers/luggage/2917436031/ref=sr_bs_1_2917436031_1,American Tourister Fizz Large Size 32 Ltrs Casual Backpack (BLACK),"1,099",4.0 out of 5 stars,"56,349",N/A,N/A,N/A
https://www.amazon.in/FUR-JADEN-Leatherette-Polypropylene-DUFF05/dp/B07M9BRCQ5,Fur Jaden Brown Textured Leatherette Stylish & Spacious Weekender Duffle Bag for Travel,799,4.3 out of 5 stars,"6,876",N/A,N/A,N/A
https://www.amazon.in/Lenovo-15-6-Inches-Everyday-Backpack/dp/B08R7RPVJF,"Lenovo 15.6"" (39.62cm) Slim Everyday Backpack, Made in India, Compact, Water-resistant, Organized storage:Laptop sleeve,tablet pocket,front workstation,2-side pockets,Padded adjustable shoulder straps",449,4.4 out of 5 stars,"5,260",N/A,N/A,N/A
https://www.amazon.in/Wesley-Spartan-Hiking-Raincover-Organiser/dp/B098QFF5TJ,Wesley Spartan Unisex Travel Hiking Laptop Bag fits Upto 17.3 inch with Raincover and Internal Organiser Backpack Rucksack College Bag,689,4.1 out of 5 stars,"1,952",N/A,N/A,N/A
https://www.amazon.in/Half-Moon-Backpack-Luggage-Compartment/dp/B09VCLZ3K4,Half Moon Large 37L Laptop Bag Backpack for menं Women Boys and Girls Luggage Travel Bags with 17.3 inches Laptop Compartment & Rain Cover,689,3.9 out of 5 stars,"3,849",N/A,N/A,N/A
https://www.amazon.in/Half-Moon-Resistant-Backpack-Compartment/dp/B0BJ32LQ6X,Half Moon Large 37L Laptop Bag Backpack for menं Women Boys and Girls Luggage Travel Bags with 17.3 inches Laptop Compartment & Rain Cover,689,3.9 out of 5 stars,"3,849",N/A,N/A,N/A
https://www.amazon.in/Safari-Laptop-Backpack-Raincover-college/dp/B097JH4V5G,"Safari Omega 30L Laptop Backpack with Raincover, school bag for boys and girls, college bag, office bag, travel bag for men and women, Teal",699,3.9 out of 5 stars,155,N/A,N/A,N/A
https://www.amazon.in/Number-Backpack-Compartment-Charging-Organizer/dp/B09VTDMRY7,"FUR JADEN Anti Theft Number Lock Backpack Bag with 15.6 Inch Laptop Compartment, USB Charging Port & Organizer Pocket for Men Women Boys Girls",749,4.1 out of 5 stars,"6,663",N/A,N/A,N/A
https://www.amazon.in/Gear-Classic-Leather-Backpack-LBPCLSLTH0201/dp/B07G4F6XFH,Gear Classic 20L Small Faux Leather Water Resistant Anti Theft Laptop Bag/Office Backpack for Men/Women - Brown,798,4.4 out of 5 stars,"6,240",N/A,N/A,N/A
https://www.amazon.in/ADISA-BP004-Weight-Casual-Backpack/dp/B07G3CG9FC,ADISA Laptop Backpack 31 Ltrs,349,4.0 out of 5 stars,"9,233",N/A,N/A,N/A
https://www.amazon.in/Safari-45L-21-OB-BLK/dp/B07BZ5VC4H,Safari Seek 45 Ltrs Overnighter Expandable Travel Laptop Backpack,"2,299",4.5 out of 5 stars,"7,730",N/A,N/A,N/A
https://www.amazon.in/Wesley-Milestone-Waterproof-Backpack-Business/dp/B085S444JV,"Wesley Milestone 2.0 Casual Waterproof Laptop Backpack/Office Bag/School Bag/College Bag/Business Bag/Travel Backpack (Dimensions:13x18 inches) (Compatible with 15.6"" laptop) 30 L, Charcoal black",499,4.3 out of 5 stars,"13,224",N/A,N/A,N/A
https://www.amazon.in/gp/bestsellers/computers/1375464031/ref=sr_bs_13_1375464031_1,TRUE HUMAN EMPEROR® Anti-Theft backpack With USB charging Port Laptop bag/Office bag/college bag/travel bag with anti -theft back pocket (LEGEND),529,3.7 out of 5 stars,"2,767",N/A,N/A,N/A
https://www.amazon.in/ADISA-BP010-Weight-Casual-Backpack/dp/B07MXL986B,ADISA 32 Ltrs Water Resistant Casual Travel Bagpack/College Backpack/School Office Bag for Men and Women,374,3.9 out of 5 stars,"4,291",N/A,N/A,N/A
https://www.amazon.in/Half-Moon-Resistant-Backpack-Compartment/dp/B0BHX7GY16,Half Moon Large 37L Laptop Bag Backpack for menं Women Boys and Girls Luggage Travel Bags with 17.3 inches Laptop Compartment & Rain Cover,689,3.9 out of 5 stars,"3,849",N/A,N/A,N/A
https://www.amazon.in/Wesley-Milestone-Waterproof-Backpack-Business/dp/B084JGJ8PF/ref=ice_ac_b_dpb,Wesley Milestone 2.0 Casual Waterproof Laptop Backpack/Office Bag/School Bag/College Bag/Business Bag/Travel Backpack (Dimensions:13x18 inches) (Compatible with 15.6 inch laptop) 30 L (Blue & black),499,4.3 out of 5 stars,"13,224",N/A,N/A,N/A
https://www.amazon.in/gp/bestsellers/luggage/2917436031/ref=sr_bs_1_2917436031_1,American Tourister Fizz Large Size 32 Ltrs Casual Backpack (BLACK),"1,099",4.0 out of 5 stars,"56,349",N/A,N/A,N/A
https://www.amazon.in/FUR-JADEN-Leatherette-Polypropylene-DUFF05/dp/B07M9BRCQ5,Fur Jaden Brown Textured Leatherette Stylish & Spacious Weekender Duffle Bag for Travel,799,4.3 out of 5 stars,"6,876",N/A,N/A,N/A
https://www.amazon.in/Lenovo-15-6-Inches-Everyday-Backpack/dp/B08R7RPVJF,"Lenovo 15.6"" (39.62cm) Slim Everyday Backpack, Made in India, Compact, Water-resistant, Organized storage:Laptop sleeve,tablet pocket,front workstation,2-side pockets,Padded adjustable shoulder straps",449,4.4 out of 5 stars,"5,260",N/A,N/A,N/A
https://www.amazon.in/Wesley-Spartan-Hiking-Raincover-Organiser/dp/B098QFF5TJ,Wesley Spartan Unisex Travel Hiking Laptop Bag fits Upto 17.3 inch with Raincover and Internal Organiser Backpack Rucksack College Bag,689,4.1 out of 5 stars,"1,952",N/A,N/A,N/A
https://www.amazon.in/Half-Moon-Backpack-Luggage-Compartment/dp/B09VCLZ3K4,Half Moon Large 37L Laptop Bag Backpack for menं Women Boys and Girls Luggage Travel Bags with 17.3 inches Laptop Compartment & Rain Cover,689,3.9 out of 5 stars,"3,849",N/A,N/A,N/A
https://www.amazon.in/Half-Moon-Resistant-Backpack-Compartment/dp/B0BJ32LQ6X,Half Moon Large 37L Laptop Bag Backpack for menं Women Boys and Girls Luggage Travel Bags with 17.3 inches Laptop Compartment & Rain Cover,689,3.9 out of 5 stars,"3,849",N/A,N/A,N/A
https://www.amazon.in/Safari-Laptop-Backpack-Raincover-college/dp/B097JH4V5G,"Safari Omega 30L Laptop Backpack with Raincover, school bag for boys and girls, college bag, office bag, travel bag for men and women, Teal",699,3.9 out of 5 stars,155,N/A,N/A,N/A
https://www.amazon.in/Number-Backpack-Compartment-Charging-Organizer/dp/B09VTDMRY7,"FUR JADEN Anti Theft Number Lock Backpack Bag with 15.6 Inch Laptop Compartment, USB Charging Port & Organizer Pocket for Men Women Boys Girls",749,4.1 out of 5 stars,"6,663",N/A,N/A,N/A
https://www.amazon.in/Gear-Classic-Leather-Backpack-LBPCLSLTH0201/dp/B07G4F6XFH,Gear Classic 20L Small Faux Leather Water Resistant Anti Theft Laptop Bag/Office Backpack for Men/Women - Brown,798,4.4 out of 5 stars,"6,240",N/A,N/A,N/A
https://www.amazon.in/ADISA-BP004-Weight-Casual-Backpack/dp/B07G3CG9FC,ADISA Laptop Backpack 31 Ltrs,349,4.0 out of 5 stars,"9,233",N/A,N/A,N/A
https://www.amazon.in/Safari-45L-21-OB-BLK/dp/B07BZ5VC4H,Safari Seek 45 Ltrs Overnighter Expandable Travel Laptop Backpack,"2,299",4.5 out of 5 stars,"7,730",N/A,N/A,N/A
https://www.amazon.in/Wesley-Milestone-Waterproof-Backpack-Business/dp/B085S444JV,"Wesley Milestone 2.0 Casual Waterproof Laptop Backpack/Office Bag/School Bag/College Bag/Business Bag/Travel Backpack (Dimensions:13x18 inches) (Compatible with 15.6"" laptop) 30 L, Charcoal black",499,4.3 out of 5 stars,"13,224",N/A,N/A,N/A
https://www.amazon.in/gp/bestsellers/computers/1375464031/ref=sr_bs_13_1375464031_1,TRUE HUMAN EMPEROR® Anti-Theft backpack With USB charging Port Laptop bag/Office bag/college bag/travel bag with anti -theft back pocket (LEGEND),529,3.7 out of 5 stars,"2,767",N/A,N/A,N/A
https://www.amazon.in/ADISA-BP010-Weight-Casual-Backpack/dp/B07MXL986B,ADISA 32 Ltrs Water Resistant Casual Travel Bagpack/College Backpack/School Office Bag for Men and Women,374,3.9 out of 5 stars,"4,291",N/A,N/A,N/A
https://www.amazon.in/Half-Moon-Resistant-Backpack-Compartment/dp/B0BHX7GY16,Half Moon Large 37L Laptop Bag Backpack for menं Women Boys and Girls Luggage Travel Bags with 17.3 inches Laptop Compartment & Rain Cover,689,3.9 out of 5 stars,"3,849",N/A,N/A,N/A
https://www.amazon.in/Wesley-Milestone-Waterproof-Backpack-Business/dp/B084JGJ8PF/ref=ice_ac_b_dpb,Wesley Milestone 2.0 Casual Waterproof Laptop Backpack/Office Bag/School Bag/College Bag/Business Bag/Travel Backpack (Dimensions:13x18 inches) (Compatible with 15.6 inch laptop) 30 L (Blue & black),499,4.3 out of 5 stars,"13,224",N/A,N/A,N/A
https://www.amazon.in/gp/bestsellers/luggage/2917436031/ref=sr_bs_1_2917436031_1,American Tourister Fizz Large Size 32 Ltrs Casual Backpack (BLACK),"1,099",4.0 out of 5 stars,"56,349",N/A,N/A,N/A
https://www.amazon.in/FUR-JADEN-Leatherette-Polypropylene-DUFF05/dp/B07M9BRCQ5,Fur Jaden Brown Textured Leatherette Stylish & Spacious Weekender Duffle Bag for Travel,799,4.3 out of 5 stars,"6,876",N/A,N/A,N/A
https://www.amazon.in/Lenovo-15-6-Inches-Everyday-Backpack/dp/B08R7RPVJF,"Lenovo 15.6"" (39.62cm) Slim Everyday Backpack, Made in India, Compact, Water-resistant, Organized storage:Laptop sleeve,tablet pocket,front workstation,2-side pockets,Padded adjustable shoulder straps",449,4.4 out of 5 stars,"5,260",N/A,N/A,N/A
https://www.amazon.in/Wesley-Spartan-Hiking-Raincover-Organiser/dp/B098QFF5TJ,Wesley Spartan Unisex Travel Hiking Laptop Bag fits Upto 17.3 inch with Raincover and Internal Organiser Backpack Rucksack College Bag,689,4.1 out of 5 stars,"1,952",N/A,N/A,N/A
https://www.amazon.in/Half-Moon-Backpack-Luggage-Compartment/dp/B09VCLZ3K4,Half Moon Large 37L Laptop Bag Backpack for menं Women Boys and Girls Luggage Travel Bags with 17.3 inches Laptop Compartment & Rain Cover,689,3.9 out of 5 stars,"3,849",N/A,N/A,N/A
https://www.amazon.in/Half-Moon-Resistant-Backpack-Compartment/dp/B0BJ32LQ6X,Half Moon Large 37L Laptop Bag Backpack for menं Women Boys and Girls Luggage Travel Bags with 17.3 inches Laptop Compartment & Rain Cover,689,3.9 out of 5 stars,"3,849",N/A,N/A,N/A
https://www.amazon.in/Safari-Laptop-Backpack-Raincover-college/dp/B097JH4V5G,"Safari Omega 30L Laptop Backpack with Raincover, school bag for boys and girls, college bag, office bag, travel bag for men and women, Teal",699,3.9 out of 5 stars,155,N/A,N/A,N/A
https://www.amazon.in/Number-Backpack-Compartment-Charging-Organizer/dp/B09VTDMRY7,"FUR JADEN Anti Theft Number Lock Backpack Bag with 15.6 Inch Laptop Compartment, USB Charging Port & Organizer Pocket for Men Women Boys Girls",749,4.1 out of 5 stars,"6,663",N/A,N/A,N/A
https://www.amazon.in/Gear-Classic-Leather-Backpack-LBPCLSLTH0201/dp/B07G4F6XFH,Gear Classic 20L Small Faux Leather Water Resistant Anti Theft Laptop Bag/Office Backpack for Men/Women - Brown,798,4.4 out of 5 stars,"6,240",N/A,N/A,N/A
https://www.amazon.in/ADISA-BP004-Weight-Casual-Backpack/dp/B07G3CG9FC,ADISA Laptop Backpack 31 Ltrs,349,4.0 out of 5 stars,"9,233",N/A,N/A,N/A
https://www.amazon.in/Safari-45L-21-OB-BLK/dp/B07BZ5VC4H,Safari Seek 45 Ltrs Overnighter Expandable Travel Laptop Backpack,"2,299",4.5 out of 5 stars,"7,730",N/A,N/A,N/A
https://www.amazon.in/Wesley-Milestone-Waterproof-Backpack-Business/dp/B085S444JV,"Wesley Milestone 2.0 Casual Waterproof Laptop Backpack/Office Bag/School Bag/College Bag/Business Bag/Travel Backpack (Dimensions:13x18 inches) (Compatible with 15.6"" laptop) 30 L, Charcoal black",499,4.3 out of 5 stars,"13,224",N/A,N/A,N/A
https://www.amazon.in/gp/bestsellers/computers/1375464031/ref=sr_bs_13_1375464031_1,TRUE HUMAN EMPEROR® Anti-Theft backpack With USB charging Port Laptop bag/Office bag/college bag/travel bag with anti -theft back pocket (LEGEND),529,3.7 out of 5 stars,"2,767",N/A,N/A,N/A
https://www.amazon.in/ADISA-BP010-Weight-Casual-Backpack/dp/B07MXL986B,ADISA 32 Ltrs Water Resistant Casual Travel Bagpack/College Backpack/School Office Bag for Men and Women,374,3.9 out of 5 stars,"4,291",N/A,N/A,N/A
https://www.amazon.in/Half-Moon-Resistant-Backpack-Compartment/dp/B0BHX7GY16,Half Moon Large 37L Laptop Bag Backpack for menं Women Boys and Girls Luggage Travel Bags with 17.3 inches Laptop Compartment & Rain Cover,689,3.9 out of 5 stars,"3,849",N/A,N/A,N/A
https://www.amazon.in/Wesley-Milestone-Waterproof-Backpack-Business/dp/B084JGJ8PF/ref=ice_ac_b_dpb,Wesley Milestone 2.0 Casual Waterproof Laptop Backpack/Office Bag/School Bag/College Bag/Business Bag/Travel Backpack (Dimensions:13x18 inches) (Compatible with 15.6 inch laptop) 30 L (Blue & black),499,4.3 out of 5 stars,"13,224",N/A,N/A,N/A
https://www.amazon.in/gp/bestsellers/luggage/2917436031/ref=sr_bs_1_2917436031_1,American Tourister Fizz Large Size 32 Ltrs Casual Backpack (BLACK),"1,099",4.0 out of 5 stars,"56,349",N/A,N/A,N/A
https://www.amazon.in/FUR-JADEN-Leatherette-Polypropylene-DUFF05/dp/B07M9BRCQ5,Fur Jaden Brown Textured Leatherette Stylish & Spacious Weekender Duffle Bag for Travel,799,4.3 out of 5 stars,"6,876",N/A,N/A,N/A
https://www.amazon.in/Lenovo-15-6-Inches-Everyday-Backpack/dp/B08R7RPVJF,"Lenovo 15.6"" (39.62cm) Slim Everyday Backpack, Made in India, Compact, Water-resistant, Organized storage:Laptop sleeve,tablet pocket,front workstation,2-side pockets,Padded adjustable shoulder straps",449,4.4 out of 5 stars,"5,260",N/A,N/A,N/A
https://www.amazon.in/Wesley-Spartan-Hiking-Raincover-Organiser/dp/B098QFF5TJ,Wesley Spartan Unisex Travel Hiking Laptop Bag fits Upto 17.3 inch with Raincover and Internal Organiser Backpack Rucksack College Bag,689,4.1 out of 5 stars,"1,952",N/A,N/A,N/A
https://www.amazon.in/Half-Moon-Backpack-Luggage-Compartment/dp/B09VCLZ3K4,Half Moon Large 37L Laptop Bag Backpack for menं Women Boys and Girls Luggage Travel Bags with 17.3 inches Laptop Compartment & Rain Cover,689,3.9 out of 5 stars,"3,849",N/A,N/A,N/A
https://www.amazon.in/Half-Moon-Resistant-Backpack-Compartment/dp/B0BJ32LQ6X,Half Moon Large 37L Laptop Bag Backpack for menं Women Boys and Girls Luggage Travel Bags with 17.3 inches Laptop Compartment & Rain Cover,689,3.9 out of 5 stars,"3,849",N/A,N/A,N/A
https://www.amazon.in/Safari-Laptop-Backpack-Raincover-college/dp/B097JH4V5G,"Safari Omega 30L Laptop Backpack with Raincover, school bag for boys and girls, college bag, office bag, travel bag for men and women, Teal",699,3.9 out of 5 stars,155,N/A,N/A,N/A
https://www.amazon.in/Number-Backpack-Compartment-Charging-Organizer/dp/B09VTDMRY7,"FUR JADEN Anti Theft Number Lock Backpack Bag with 15.6 Inch Laptop Compartment, USB Charging Port & Organizer Pocket for Men Women Boys Girls",749,4.1 out of 5 stars,"6,663",N/A,N/A,N/A
https://www.amazon.in/Gear-Classic-Leather-Backpack-LBPCLSLTH0201/dp/B07G4F6XFH,Gear Classic 20L Small Faux Leather Water Resistant Anti Theft Laptop Bag/Office Backpack for Men/Women - Brown,798,4.4 out of 5 stars,"6,240",N/A,N/A,N/A
https://www.amazon.in/ADISA-BP004-Weight-Casual-Backpack/dp/B07G3CG9FC,ADISA Laptop Backpack 31 Ltrs,349,4.0 out of 5 stars,"9,233",N/A,N/A,N/A
https://www.amazon.in/Safari-45L-21-OB-BLK/dp/B07BZ5VC4H,Safari Seek 45 Ltrs Overnighter Expandable Travel Laptop Backpack,"2,299",4.5 out of 5 stars,"7,730",N/A,N/A,N/A
https://www.amazon.in/Wesley-Milestone-Waterproof-Backpack-Business/dp/B085S444JV,"Wesley Milestone 2.0 Casual Waterproof Laptop Backpack/Office Bag/School Bag/College Bag/Business Bag/Travel Backpack (Dimensions:13x18 inches) (Compatible with 15.6"" laptop) 30 L, Charcoal black",499,4.3 out of 5 stars,"13,224",N/A,N/A,N/A
https://www.amazon.in/gp/bestsellers/computers/1375464031/ref=sr_bs_13_1375464031_1,TRUE HUMAN EMPEROR® Anti-Theft backpack With USB charging Port Laptop bag/Office bag/college bag/travel bag with anti -theft back pocket (LEGEND),529,3.7 out of 5 stars,"2,767",N/A,N/A,N/A
https://www.amazon.in/ADISA-BP010-Weight-Casual-Backpack/dp/B07MXL986B,ADISA 32 Ltrs Water Resistant Casual Travel Bagpack/College Backpack/School Office Bag for Men and Women,374,3.9 out of 5 stars,"4,291",N/A,N/A,N/A
https://www.amazon.in/Half-Moon-Resistant-Backpack-Compartment/dp/B0BHX7GY16,Half Moon Large 37L Laptop Bag Backpack for menं Women Boys and Girls Luggage Travel Bags with 17.3 inches Laptop Compartment & Rain Cover,689,3.9 out of 5 stars,"3,849",N/A,N/A,N/A
https://www.amazon.in/Wesley-Milestone-Waterproof-Backpack-Business/dp/B084JGJ8PF/ref=ice_ac_b_dpb,Wesley Milestone 2.0 Casual Waterproof Laptop Backpack/Office Bag/School Bag/College Bag/Business Bag/Travel Backpack (Dimensions:13x18 inches) (Compatible with 15.6 inch laptop) 30 L (Blue & black),499,4.3 out of 5 stars,"13,224",N/A,N/A,N/A
https://www.amazon.in/gp/bestsellers/luggage/2917436031/ref=sr_bs_1_2917436031_1,American Tourister Fizz Large Size 32 Ltrs Casual Backpack (BLACK),"1,099",4.0 out of 5 stars,"56,349",N/A,N/A,N/A
https://www.amazon.in/FUR-JADEN-Leatherette-Polypropylene-DUFF05/dp/B07M9BRCQ5,Fur Jaden Brown Textured Leatherette Stylish & Spacious Weekender Duffle Bag for Travel,799,4.3 out of 5 stars,"6,876",N/A,N/A,N/A
https://www.amazon.in/Lenovo-15-6-Inches-Everyday-Backpack/dp/B08R7RPVJF,"Lenovo 15.6"" (39.62cm) Slim Everyday Backpack, Made in India, Compact, Water-resistant, Organized storage:Laptop sleeve,tablet pocket,front workstation,2-side pockets,Padded adjustable shoulder straps",449,4.4 out of 5 stars,"5,260",N/A,N/A,N/A
https://www.amazon.in/Wesley-Spartan-Hiking-Raincover-Organiser/dp/B098QFF5TJ,Wesley Spartan Unisex Travel Hiking Laptop Bag fits Upto 17.3 inch with Raincover and Internal Organiser Backpack Rucksack College Bag,689,4.1 out of 5 stars,"1,952",N/A,N/A,N/A
https://www.amazon.in/Half-Moon-Backpack-Luggage-Compartment/dp/B09VCLZ3K4,Half Moon Large 37L Laptop Bag Backpack for menं Women Boys and Girls Luggage Travel Bags with 17.3 inches Laptop Compartment & Rain Cover,689,3.9 out of 5 stars,"3,849",N/A,N/A,N/A
https://www.amazon.in/Half-Moon-Resistant-Backpack-Compartment/dp/B0BJ32LQ6X,Half Moon Large 37L Laptop Bag Backpack for menं Women Boys and Girls Luggage Travel Bags with 17.3 inches Laptop Compartment & Rain Cover,689,3.9 out of 5 stars,"3,849",N/A,N/A,N/A
https://www.amazon.in/Safari-Laptop-Backpack-Raincover-college/dp/B097JH4V5G,"Safari Omega 30L Laptop Backpack with Raincover, school bag for boys and girls, college bag, office bag, travel bag for men and women, Teal",699,3.9 out of 5 stars,155,N/A,N/A,N/A
https://www.amazon.in/Number-Backpack-Compartment-Charging-Organizer/dp/B09VTDMRY7,"FUR JADEN Anti Theft Number Lock Backpack Bag with 15.6 Inch Laptop Compartment, USB Charging Port & Organizer Pocket for Men Women Boys Girls",749,4.1 out of 5 stars,"6,663",N/A,N/A,N/A
https://www.amazon.in/Gear-Classic-Leather-Backpack-LBPCLSLTH0201/dp/B07G4F6XFH,Gear Classic 20L Small Faux Leather Water Resistant Anti Theft Laptop Bag/Office Backpack for Men/Women - Brown,798,4.4 out of 5 stars,"6,240",N/A,N/A,N/A
https://www.amazon.in/ADISA-BP004-Weight-Casual-Backpack/dp/B07G3CG9FC,ADISA Laptop Backpack 31 Ltrs,349,4.0 out of 5 stars,"9,233",N/A,N/A,N/A
https://www.amazon.in/Safari-45L-21-OB-BLK/dp/B07BZ5VC4H,Safari Seek 45 Ltrs Overnighter Expandable Travel Laptop Backpack,"2,299",4.5 out of 5 stars,"7,730",N/A,N/A,N/A
https://www.amazon.in/Wesley-Milestone-Waterproof-Backpack-Business/dp/B085S444JV,"Wesley Milestone 2.0 Casual Waterproof Laptop Backpack/Office Bag/School Bag/College Bag/Business Bag/Travel Backpack (Dimensions:13x18 inches) (Compatible with 15.6"" laptop) 30 L, Charcoal black",499,4.3 out of 5 stars,"13,224",N/A,N/A,N/A
https://www.amazon.in/gp/bestsellers/computers/1375464031/ref=sr_bs_13_1375464031_1,TRUE HUMAN EMPEROR® Anti-Theft backpack With USB charging Port Laptop bag/Office bag/college bag/travel bag with anti -theft back pocket (LEGEND),529,3.7 out of 5 stars,"2,767",N/A,N/A,N/A
https://www.amazon.in/ADISA-BP010-Weight-Casual-Backpack/dp/B07MXL986B,ADISA 32 Ltrs Water Resistant Casual Travel Bagpack/College Backpack/School Office Bag for Men and Women,374,3.9 out of 5 stars,"4,291",N/A,N/A,N/A
https://www.amazon.in/Half-Moon-Resistant-Backpack-Compartment/dp/B0BHX7GY16,Half Moon Large 37L Laptop Bag Backpack for menं Women Boys and Girls Luggage Travel Bags with 17.3 inches Laptop Compartment & Rain Cover,689,3.9 out of 5 stars,"3,849",N/A,N/A,N/A
https://www.amazon.in/Wesley-Milestone-Waterproof-Backpack-Business/dp/B084JGJ8PF/ref=ice_ac_b_dpb,Wesley Milestone 2.0 Casual Waterproof Laptop Backpack/Office Bag/School Bag/College Bag/Business Bag/Travel Backpack (Dimensions:13x18 inches) (Compatible with 15.6 inch laptop) 30 L (Blue & black),499,4.3 out of 5 stars,"13,224",N/A,N/A,N/A
https://www.amazon.in/gp/bestsellers/luggage/2917436031/ref=sr_bs_1_2917436031_1,American Tourister Fizz Large Size 32 Ltrs Casual Backpack (BLACK),"1,099",4.0 out of 5 stars,"56,349",N/A,N/A,N/A
https://www.amazon.in/FUR-JADEN-Leatherette-Polypropylene-DUFF05/dp/B07M9BRCQ5,Fur Jaden Brown Textured Leatherette Stylish & Spacious Weekender Duffle Bag for Travel,799,4.3 out of 5 stars,"6,876",N/A,N/A,N/A
https://www.amazon.in/Lenovo-15-6-Inches-Everyday-Backpack/dp/B08R7RPVJF,"Lenovo 15.6"" (39.62cm) Slim Everyday Backpack, Made in India, Compact, Water-resistant, Organized storage:Laptop sleeve,tablet pocket,front workstation,2-side pockets,Padded adjustable shoulder straps",449,4.4 out of 5 stars,"5,260",N/A,N/A,N/A
https://www.amazon.in/Wesley-Spartan-Hiking-Raincover-Organiser/dp/B098QFF5TJ,Wesley Spartan Unisex Travel Hiking Laptop Bag fits Upto 17.3 inch with Raincover and Internal Organiser Backpack Rucksack College Bag,689,4.1 out of 5 stars,"1,952",N/A,N/A,N/A
https://www.amazon.in/Half-Moon-Backpack-Luggage-Compartment/dp/B09VCLZ3K4,Half Moon Large 37L Laptop Bag Backpack for menं Women Boys and Girls Luggage Travel Bags with 17.3 inches Laptop Compartment & Rain Cover,689,3.9 out of 5 stars,"3,849",N/A,N/A,N/A
https://www.amazon.in/Half-Moon-Resistant-Backpack-Compartment/dp/B0BJ32LQ6X,Half Moon Large 37L Laptop Bag Backpack for menं Women Boys and Girls Luggage Travel Bags with 17.3 inches Laptop Compartment & Rain Cover,689,3.9 out of 5 stars,"3,849",N/A,N/A,N/A
https://www.amazon.in/Safari-Laptop-Backpack-Raincover-college/dp/B097JH4V5G,"Safari Omega 30L Laptop Backpack with Raincover, school bag for boys and girls, college bag, office bag, travel bag for men and women, Teal",699,3.9 out of 5 stars,155,N/A,N/A,N/A
https://www.amazon.in/Number-Backpack-Compartment-Charging-Organizer/dp/B09VTDMRY7,"FUR JADEN Anti Theft Number Lock Backpack Bag with 15.6 Inch Laptop Compartment, USB Charging Port & Organizer Pocket for Men Women Boys Girls",749,4.1 out of 5 stars,"6,663",N/A,N/A,N/A
https://www.amazon.in/Gear-Classic-Leather-Backpack-LBPCLSLTH0201/dp/B07G4F6XFH,Gear Classic 20L Small Faux Leather Water Resistant Anti Theft Laptop Bag/Office Backpack for Men/Women - Brown,798,4.4 out of 5 stars,"6,240",N/A,N/A,N/A
https://www.amazon.in/ADISA-BP004-Weight-Casual-Backpack/dp/B07G3CG9FC,ADISA Laptop Backpack 31 Ltrs,349,4.0 out of 5 stars,"9,233",N/A,N/A,N/A
https://www.amazon.in/Safari-45L-21-OB-BLK/dp/B07BZ5VC4H,Safari Seek 45 Ltrs Overnighter Expandable Travel Laptop Backpack,"2,299",4.5 out of 5 stars,"7,730",N/A,N/A,N/A
https://www.amazon.in/Wesley-Milestone-Waterproof-Backpack-Business/dp/B085S444JV,"Wesley Milestone 2.0 Casual Waterproof Laptop Backpack/Office Bag/School Bag/College Bag/Business Bag/Travel Backpack (Dimensions:13x18 inches) (Compatible with 15.6"" laptop) 30 L, Charcoal black",499,4.3 out of 5 stars,"13,224",N/A,N/A,N/A
https://www.amazon.in/gp/bestsellers/computers/1375464031/ref=sr_bs_13_1375464031_1,TRUE HUMAN EMPEROR® Anti-Theft backpack With USB charging Port Laptop bag/Office bag/college bag/travel bag with anti -theft back pocket (LEGEND),529,3.7 out of 5 stars,"2,767",N/A,N/A,N/A
https://www.amazon.in/ADISA-BP010-Weight-Casual-Backpack/dp/B07MXL986B,ADISA 32 Ltrs Water Resistant Casual Travel Bagpack/College Backpack/School Office Bag for Men and Women,374,3.9 out of 5 stars,"4,291",N/A,N/A,N/A
https://www.amazon.in/Half-Moon-Resistant-Backpack-Compartment/dp/B0BHX7GY16,Half Moon Large 37L Laptop Bag Backpack for menं Women Boys and Girls Luggage Travel Bags with 17.3 inches Laptop Compartment & Rain Cover,689,3.9 out of 5 stars,"3,849",N/A,N/A,N/A
https://www.amazon.in/Wesley-Milestone-Waterproof-Backpack-Business/dp/B084JGJ8PF/ref=ice_ac_b_dpb,Wesley Milestone 2.0 Casual Waterproof Laptop Backpack/Office Bag/School Bag/College Bag/Business Bag/Travel Backpack (Dimensions:13x18 inches) (Compatible with 15.6 inch laptop) 30 L (Blue & black),499,4.3 out of 5 stars,"13,224",N/A,N/A,N/A
https://www.amazon.in/gp/bestsellers/luggage/2917436031/ref=sr_bs_1_2917436031_1,American Tourister Fizz Large Size 32 Ltrs Casual Backpack (BLACK),"1,099",4.0 out of 5 stars,"56,349",N/A,N/A,N/A
https://www.amazon.in/FUR-JADEN-Leatherette-Polypropylene-DUFF05/dp/B07M9BRCQ5,Fur Jaden Brown Textured Leatherette Stylish & Spacious Weekender Duffle Bag for Travel,799,4.3 out of 5 stars,"6,876",N/A,N/A,N/A
https://www.amazon.in/Lenovo-15-6-Inches-Everyday-Backpack/dp/B08R7RPVJF,"Lenovo 15.6"" (39.62cm) Slim Everyday Backpack, Made in India, Compact, Water-resistant, Organized storage:Laptop sleeve,tablet pocket,front workstation,2-side pockets,Padded adjustable shoulder straps",449,4.4 out of 5 stars,"5,260",N/A,N/A,N/A
https://www.amazon.in/Wesley-Spartan-Hiking-Raincover-Organiser/dp/B098QFF5TJ,Wesley Spartan Unisex Travel Hiking Laptop Bag fits Upto 17.3 inch with Raincover and Internal Organiser Backpack Rucksack College Bag,689,4.1 out of 5 stars,"1,952",N/A,N/A,N/A
https://www.amazon.in/Half-Moon-Backpack-Luggage-Compartment/dp/B09VCLZ3K4,Half Moon Large 37L Laptop Bag Backpack for menं Women Boys and Girls Luggage Travel Bags with 17.3 inches Laptop Compartment & Rain Cover,689,3.9 out of 5 stars,"3,849",N/A,N/A,N/A
https://www.amazon.in/Half-Moon-Resistant-Backpack-Compartment/dp/B0BJ32LQ6X,Half Moon Large 37L Laptop Bag Backpack for menं Women Boys and Girls Luggage Travel Bags with 17.3 inches Laptop Compartment & Rain Cover,689,3.9 out of 5 stars,"3,849",N/A,N/A,N/A
https://www.amazon.in/Safari-Laptop-Backpack-Raincover-college/dp/B097JH4V5G,"Safari Omega 30L Laptop Backpack with Raincover, school bag for boys and girls, college bag, office bag, travel bag for men and women, Teal",699,3.9 out of 5 stars,155,N/A,N/A,N/A
https://www.amazon.in/Number-Backpack-Compartment-Charging-Organizer/dp/B09VTDMRY7,"FUR JADEN Anti Theft Number Lock Backpack Bag with 15.6 Inch Laptop Compartment, USB Charging Port & Organizer Pocket for Men Women Boys Girls",749,4.1 out of 5 stars,"6,663",N/A,N/A,N/A
https://www.amazon.in/Gear-Classic-Leather-Backpack-LBPCLSLTH0201/dp/B07G4F6XFH,Gear Classic 20L Small Faux Leather Water Resistant Anti Theft Laptop Bag/Office Backpack for Men/Women - Brown,798,4.4 out of 5 stars,"6,240",N/A,N/A,N/A
https://www.amazon.in/ADISA-BP004-Weight-Casual-Backpack/dp/B07G3CG9FC,ADISA Laptop Backpack 31 Ltrs,349,4.0 out of 5 stars,"9,233",N/A,N/A,N/A
https://www.amazon.in/Safari-45L-21-OB-BLK/dp/B07BZ5VC4H,Safari Seek 45 Ltrs Overnighter Expandable Travel Laptop Backpack,"2,299",4.5 out of 5 stars,"7,730",N/A,N/A,N/A
https://www.amazon.in/Wesley-Milestone-Waterproof-Backpack-Business/dp/B085S444JV,"Wesley Milestone 2.0 Casual Waterproof Laptop Backpack/Office Bag/School Bag/College Bag/Business Bag/Travel Backpack (Dimensions:13x18 inches) (Compatible with 15.6"" laptop) 30 L, Charcoal black",499,4.3 out of 5 stars,"13,224",N/A,N/A,N/A
https://www.amazon.in/gp/bestsellers/computers/1375464031/ref=sr_bs_13_1375464031_1,TRUE HUMAN EMPEROR® Anti-Theft backpack With USB charging Port Laptop bag/Office bag/college bag/travel bag with anti -theft back pocket (LEGEND),529,3.7 out of 5 stars,"2,767",N/A,N/A,N/A
https://www.amazon.in/ADISA-BP010-Weight-Casual-Backpack/dp/B07MXL986B,ADISA 32 Ltrs Water Resistant Casual Travel Bagpack/College Backpack/School Office Bag for Men and Women,374,3.9 out of 5 stars,"4,291",N/A,N/A,N/A
https://www.amazon.in/Half-Moon-Resistant-Backpack-Compartment/dp/B0BHX7GY16,Half Moon Large 37L Laptop Bag Backpack for menं Women Boys and Girls Luggage Travel Bags with 17.3 inches Laptop Compartment & Rain Cover,689,3.9 out of 5 stars,"3,849",N/A,N/A,N/A
https://www.amazon.in/Wesley-Milestone-Waterproof-Backpack-Business/dp/B084JGJ8PF/ref=ice_ac_b_dpb,Wesley Milestone 2.0 Casual Waterproof Laptop Backpack/Office Bag/School Bag/College Bag/Business Bag/Travel Backpack (Dimensions:13x18 inches) (Compatible with 15.6 inch laptop) 30 L (Blue & black),499,4.3 out of 5 stars,"13,224",N/A,N/A,N/A
https://www.amazon.in/gp/bestsellers/luggage/2917436031/ref=sr_bs_1_2917436031_1,American Tourister Fizz Large Size 32 Ltrs Casual Backpack (BLACK),"1,099",4.0 out of 5 stars,"56,349",N/A,N/A,N/A
https://www.amazon.in/FUR-JADEN-Leatherette-Polypropylene-DUFF05/dp/B07M9BRCQ5,Fur Jaden Brown Textured Leatherette Stylish & Spacious Weekender Duffle Bag for Travel,799,4.3 out of 5 stars,"6,876",N/A,N/A,N/A
https://www.amazon.in/Lenovo-15-6-Inches-Everyday-Backpack/dp/B08R7RPVJF,"Lenovo 15.6"" (39.62cm) Slim Everyday Backpack, Made in India, Compact, Water-resistant, Organized storage:Laptop sleeve,tablet pocket,front workstation,2-side pockets,Padded adjustable shoulder straps",449,4.4 out of 5 stars,"5,260",N/A,N/A,N/A
https://www.amazon.in/Wesley-Spartan-Hiking-Raincover-Organiser/dp/B098QFF5TJ,Wesley Spartan Unisex Travel Hiking Laptop Bag fits Upto 17.3 inch with Raincover and Internal Organiser Backpack Rucksack College Bag,689,4.1 out of 5 stars,"1,952",N/A,N/A,N/A
https://www.amazon.in/Half-Moon-Backpack-Luggage-Compartment/dp/B09VCLZ3K4,Half Moon Large 37L Laptop Bag Backpack for menं Women Boys and Girls Luggage Travel Bags with 17.3 inches Laptop Compartment & Rain Cover,689,3.9 out of 5 stars,"3,849",N/A,N/A,N/A
https://www.amazon.in/Half-Moon-Resistant-Backpack-Compartment/dp/B0BJ32LQ6X,Half Moon Large 37L Laptop Bag Backpack for menं Women Boys and Girls Luggage Travel Bags with 17.3 inches Laptop Compartment & Rain Cover,689,3.9 out of 5 stars,"3,849",N/A,N/A,N/A
https://www.amazon.in/Safari-Laptop-Backpack-Raincover-college/dp/B097JH4V5G,"Safari Omega 30L Laptop Backpack with Raincover, school bag for boys and girls, college bag, office bag, travel bag for men and women, Teal",699,3.9 out of 5 stars,155,N/A,N/A,N/A
https://www.amazon.in/Number-Backpack-Compartment-Charging-Organizer/dp/B09VTDMRY7,"FUR JADEN Anti Theft Number Lock Backpack Bag with 15.6 Inch Laptop Compartment, USB Charging Port & Organizer Pocket for Men Women Boys Girls",749,4.1 out of 5 stars,"6,663",N/A,N/A,N/A
https://www.amazon.in/Gear-Classic-Leather-Backpack-LBPCLSLTH0201/dp/B07G4F6XFH,Gear Classic 20L Small Faux Leather Water Resistant Anti Theft Laptop Bag/Office Backpack for Men/Women - Brown,798,4.4 out of 5 stars,"6,240",N/A,N/A,N/A
https://www.amazon.in/ADISA-BP004-Weight-Casual-Backpack/dp/B07G3CG9FC,ADISA Laptop Backpack 31 Ltrs,349,4.0 out of 5 stars,"9,233",N/A,N/A,N/A
https://www.amazon.in/Safari-45L-21-OB-BLK/dp/B07BZ5VC4H,Safari Seek 45 Ltrs Overnighter Expandable Travel Laptop Backpack,"2,299",4.5 out of 5 stars,"7,730",N/A,N/A,N/A
https://www.amazon.in/Wesley-Milestone-Waterproof-Backpack-Business/dp/B085S444JV,"Wesley Milestone 2.0 Casual Waterproof Laptop Backpack/Office Bag/School Bag/College Bag/Business Bag/Travel Backpack (Dimensions:13x18 inches) (Compatible with 15.6"" laptop) 30 L, Charcoal black",499,4.3 out of 5 stars,"13,224",N/A,N/A,N/A
https://www.amazon.in/gp/bestsellers/computers/1375464031/ref=sr_bs_13_1375464031_1,TRUE HUMAN EMPEROR® Anti-Theft backpack With USB charging Port Laptop bag/Office bag/college bag/travel bag with anti -theft back pocket (LEGEND),529,3.7 out of 5 stars,"2,767",N/A,N/A,N/A
https://www.amazon.in/ADISA-BP010-Weight-Casual-Backpack/dp/B07MXL986B,ADISA 32 Ltrs Water Resistant Casual Travel Bagpack/College Backpack/School Office Bag for Men and Women,374,3.9 out of 5 stars,"4,291",N/A,N/A,N/A
https://www.amazon.in/Half-Moon-Resistant-Backpack-Compartment/dp/B0BHX7GY16,Half Moon Large 37L Laptop Bag Backpack for menं Women Boys and Girls Luggage Travel Bags with 17.3 inches Laptop Compartment & Rain Cover,689,3.9 out of 5 stars,"3,849",N/A,N/A,N/A
https://www.amazon.in/Wesley-Milestone-Waterproof-Backpack-Business/dp/B084JGJ8PF/ref=ice_ac_b_dpb,Wesley Milestone 2.0 Casual Waterproof Laptop Backpack/Office Bag/School Bag/College Bag/Business Bag/Travel Backpack (Dimensions:13x18 inches) (Compatible with 15.6 inch laptop) 30 L (Blue & black),499,4.3 out of 5 stars,"13,224",N/A,N/A,N/A
https://www.amazon.in/gp/bestsellers/luggage/2917436031/ref=sr_bs_1_2917436031_1,American Tourister Fizz Large Size 32 Ltrs Casual Backpack (BLACK),"1,099",4.0 out of 5 stars,"56,349",N/A,N/A,N/A
https://www.amazon.in/FUR-JADEN-Leatherette-Polypropylene-DUFF05/dp/B07M9BRCQ5,Fur Jaden Brown Textured Leatherette Stylish & Spacious Weekender Duffle Bag for Travel,799,4.3 out of 5 stars,"6,876",N/A,N/A,N/A
https://www.amazon.in/Lenovo-15-6-Inches-Everyday-Backpack/dp/B08R7RPVJF,"Lenovo 15.6"" (39.62cm) Slim Everyday Backpack, Made in India, Compact, Water-resistant, Organized storage:Laptop sleeve,tablet pocket,front workstation,2-side pockets,Padded adjustable shoulder straps",449,4.4 out of 5 stars,"5,260",N/A,N/A,N/A
https://www.amazon.in/Wesley-Spartan-Hiking-Raincover-Organiser/dp/B098QFF5TJ,Wesley Spartan Unisex Travel Hiking Laptop Bag fits Upto 17.3 inch with Raincover and Internal Organiser Backpack Rucksack College Bag,689,4.1 out of 5 stars,"1,952",N/A,N/A,N/A
https://www.amazon.in/Half-Moon-Backpack-Luggage-Compartment/dp/B09VCLZ3K4,Half Moon Large 37L Laptop Bag Backpack for menं Women Boys and Girls Luggage Travel Bags with 17.3 inches Laptop Compartment & Rain Cover,689,3.9 out of 5 stars,"3,849",N/A,N/A,N/A
https://www.amazon.in/Half-Moon-Resistant-Backpack-Compartment/dp/B0BJ32LQ6X,Half Moon Large 37L Laptop Bag Backpack for menं Women Boys and Girls Luggage Travel Bags with 17.3 inches Laptop Compartment & Rain Cover,689,3.9 out of 5 stars,"3,849",N/A,N/A,N/A
https://www.amazon.in/Safari-Laptop-Backpack-Raincover-college/dp/B097JH4V5G,"Safari Omega 30L Laptop Backpack with Raincover, school bag for boys and girls, college bag, office bag, travel bag for men and women, Teal",699,3.9 out of 5 stars,155,N/A,N/A,N/A
https://www.amazon.in/Number-Backpack-Compartment-Charging-Organizer/dp/B09VTDMRY7,"FUR JADEN Anti Theft Number Lock Backpack Bag with 15.6 Inch Laptop Compartment, USB Charging Port & Organizer Pocket for Men Women Boys Girls",749,4.1 out of 5 stars,"6,663",N/A,N/A,N/A
https://www.amazon.in/Gear-Classic-Leather-Backpack-LBPCLSLTH0201/dp/B07G4F6XFH,Gear Classic 20L Small Faux Leather Water Resistant Anti Theft Laptop Bag/Office Backpack for Men/Women - Brown,798,4.4 out of 5 stars,"6,240",N/A,N/A,N/A
https://www.amazon.in/ADISA-BP004-Weight-Casual-Backpack/dp/B07G3CG9FC,ADISA Laptop Backpack 31 Ltrs,349,4.0 out of 5 stars,"9,233",N/A,N/A,N/A
https://www.amazon.in/Safari-45L-21-OB-BLK/dp/B07BZ5VC4H,Safari Seek 45 Ltrs Overnighter Expandable Travel Laptop Backpack,"2,299",4.5 out of 5 stars,"7,730",N/A,N/A,N/A
https://www.amazon.in/Wesley-Milestone-Waterproof-Backpack-Business/dp/B085S444JV,"Wesley Milestone 2.0 Casual Waterproof Laptop Backpack/Office Bag/School Bag/College Bag/Business Bag/Travel Backpack (Dimensions:13x18 inches) (Compatible with 15.6"" laptop) 30 L, Charcoal black",499,4.3 out of 5 stars,"13,224",N/A,N/A,N/A
https://www.amazon.in/gp/bestsellers/computers/1375464031/ref=sr_bs_13_1375464031_1,TRUE HUMAN EMPEROR® Anti-Theft backpack With USB charging Port Laptop bag/Office bag/college bag/travel bag with anti -theft back pocket (LEGEND),529,3.7 out of 5 stars,"2,767",N/A,N/A,N/A
https://www.amazon.in/ADISA-BP010-Weight-Casual-Backpack/dp/B07MXL986B,ADISA 32 Ltrs Water Resistant Casual Travel Bagpack/College Backpack/School Office Bag for Men and Women,374,3.9 out of 5 stars,"4,291",N/A,N/A,N/A
https://www.amazon.in/Half-Moon-Resistant-Backpack-Compartment/dp/B0BHX7GY16,Half Moon Large 37L Laptop Bag Backpack for menं Women Boys and Girls Luggage Travel Bags with 17.3 inches Laptop Compartment & Rain Cover,689,3.9 out of 5 stars,"3,849",N/A,N/A,N/A
